id,domain,title,authors,published,abstract,url,categories
2605.04049,Quantum,FTPrimitiveBench: A Benchmark Suite For Logical Computation Under Hardware-Motivated and Biased Noise Models,"Shuwen Kan, Adrian Harkness, Zefan Du, Rod Rofougaran, Sean Garner, Chenxu Liu, Ying Mao, Samuel Stein",2026-05-05T17:59:59Z,"Fault-tolerant quantum computing requires understanding how error-correcting codes perform on diverse physical hardware. This is typically assessed via noisy stabilizer simulation of logical circuits at HPC scale, combined with a noise model that yields a logical error rate for the relevant code distances and depths. The uniform depolarizing model is the standard baseline, but its homogeneous assumptions fail to capture the heterogeneity, asymmetries, and correlations of real devices, where Pauli, measurement, and spatio-temporal errors are not weakly coupled. Yet these same structured features create opportunities for joint code-hardware co-design, motivating noise models that more faithfully reflect target hardware while remaining tractable to simulate.   We introduce FTPrimitiveBench, a systematic benchmarking approach for studying how logical primitives interact with hardware-motivated noise. It supports both custom specifications and representative structured noise families: Pauli bias, measurement bias, and spatial or spatio-temporal non-uniformity -- together with generators for core surface-code Clifford primitives: logical memory, lattice surgery, transversal logical Hadamard, and the logical phase gate via lattice surgery. We find that structured noise affects these primitives in qualitatively distinct ways, with outcomes shaped by the interplay between noise model, primitive, and decoder choice. These results extend memory benchmarks to active logical computation, where the interaction between noise structure and primitive implementation matters. By standardizing the link between noise-model specification and primitive construction, FTPrimitiveBench enables reproducible comparative studies of QEC protocols and decoders, supporting hardware-aware co-design of fault-tolerant architectures. Code: https://github.com/ShuwenKan/FTPrimitiveBench.",https://arxiv.org/abs/2605.04049v1,quant-ph
2605.04047,Quantum,Sequential vs. Simultaneous Entanglement Swapping under Optimal Link-Layer Control,"Priyam Srivastava, Akshat R. Sabavat, Siddharth Jain, Alan Scheller-Wolf, Sridhar Tayur, David Tipper, Prashant Krishnamurthy, Amy Babay, Kaushik P. Seshadreesan",2026-05-05T17:59:22Z,"Connection-less, packet-switched quantum network architectures distribute entanglement across multi-hop paths through sequential entanglement swapping, in which each node acts on purely local state information. The architectural advantages over the connection-oriented alternative -- simultaneous SWAP-ASAP -- are compelling, but sequential swapping holds partial chains in intermediate buffers between successive swaps, exposing them to memory decoherence in a way simultaneous SWAP-ASAP avoids by design. We present a proof-of-principle study at fixed chain length $n = 4$ in which each elementary link is governed by a fixed reinforcement-learning policy optimizing the secret-key rate of the six-state protocol, leaving the network-layer protocol as the sole independent variable. Sweeping the network-layer memory coherence time $T_c^{\mathrm{ext}}$ over four orders of magnitude reveals a clear regime structure governed by the dimensionless ratio $T_c^{\mathrm{ext}}/τ$, where $τ$ is the per-link entanglement heralding latency. Simultaneous SWAP-ASAP delivers a constant rate across the full sweep. Sequential swapping, by contrast, collapses to zero end-to-end deliveries below $T_c^{\mathrm{ext}}/τ= 25$, and begins recovering at $T_c^{\mathrm{ext}}/τ= 50$. It remains limited by the simultaneous rate, which it saturates only at the relaxed end of the sweep. These results suggest that the connection-less penalty is a near-term phenomenon tied to present-day memory coherence rather than a fundamental property of sequential swapping.",https://arxiv.org/abs/2605.04047v1,"quant-ph, cs.NI"
2605.04042,Quantum,Ergotropy Protection via Cavity Detuning in Collective Open Quantum Batteries,Tariq Zeyad Jawad,2026-05-05T17:58:13Z,"This study investigates the performance and ergotropy protection of open collective quantum batteries subject to superradiant decay. By employing a passive spectral detuning strategy within an intermediate cavity, an optimal detuning value ($Δ^*$) is analytically derived and numerically verified to spectrally isolate the system and protect quantum coherence, achieving up to 1088% ergotropy improvement for single qubits and superextensive collective advantage for $N \ge 3$. Our analysis resolves a ""non-Markovian paradox,"" revealing that maximizing ergotropy does not strictly require non-Markovian memory; rather, suppressing environmental memory via detuning optimally preserves coherence, which serves as the fundamental resource. Survival maps across different environments demonstrate that thermal noise dissipates coherence more severely than telegraph noise. Finally, we establish that collective amplification of the effective coupling ($g_{\rm eff} = g\sqrt{N})$ inevitably drives large qubit arrays into the ultra-strong coupling regime, providing a quantitative ceiling $N_{\rm max}$ on the validity of the Tavis-Cummings description and the current ergotropy protection protocol.",https://arxiv.org/abs/2605.04042v1,quant-ph
2605.04026,Quantum,Entanglement transitions in translation-invariant tensor networks,"Yi-Cheng Wang, Samuel J. Garratt, Ehud Altman",2026-05-05T17:50:38Z,"We study the complexity of approximately contracting translation-invariant tensor networks. The computational cost of row-by-row tensor network contraction, which defines a discrete time evolution governed by a fixed transfer matrix, is associated with the entanglement of the state of a row. By analyzing a family of tensor networks whose transfer matrices interpolate between chaotic Floquet and strongly non-unitary limits, we uncover a transition between volume- and area-law entanglement in states evolved under the transfer matrix. We show that deep in the volume-law phase the spectrum of the transfer matrix in the complex plane consists of a dense ring with a sharp outer edge, reminiscent of behavior identified for non-unitary random matrices. At late times an evolving row state therefore has significant contributions from many eigenvectors with nearly degenerate eigenvalue magnitudes. In the area-law phase, there is instead a distinct leading eigenvalue. Our results establish connections between contraction complexity, spectral properties of the transfer matrix, and purification under non-unitary dynamics.",https://arxiv.org/abs/2605.04026v1,"quant-ph, cond-mat.stat-mech"
2605.04025,Quantum,"Fast, accurate, high-resolution simulation of large-scale Fermi-Hubbard models on a digital quantum processor","Gavin S. Hartnett, Khadijeh Sona Najafi, Aleksei Khindanov, Haoran Liao, Michael Schutzman, Michael R. Hush, Michael J. Biercuk, Yuval Baum",2026-05-05T17:49:07Z,"We report experimental digital quantum simulation of the one-dimensional Fermi-Hubbard model on a superconducting quantum processor at a scale beyond the reach of exact statevector simulation and challenging for state-of-the-art tensor-network methods. We encode this problem using up to 120 qubits through an efficient mapping that reduces circuit complexity, and we improve accuracy through error suppression to simulate dynamical evolution using up to 90 Trotter steps. From a vacancy defect introduced in the middle of an $L=31$-site (62-qubit) Néel initial state, we directly observe spin-charge separation to $t=9$ in natural units using up to 90 Trotter steps, and quantitatively extract velocity ratios $v_c/v_s$ which match classical simulations across a range of model parameters. We then extend experiments to $L=60$ (120 qubits) and long evolution times to $t=6$ using 30 Trotter steps; Quantum-processor outputs agree quantitatively with approximate classical simulations performed using a time-dependent variational principle (TDVP) solver; increasing the TDVP bond dimension through $χ= 4096$ expands the range of evolution times within which agreement has RMSE $\sim 1\%$ before the approaches diverge. Owing to the large scale of the simulation and the use of efficient overhead-free error-suppression techniques, for simulated evolution times at the limit of quantum/classical agreement ($t\gtrsim 5$ in natural hopping units), the wall-clock runtime of the quantum processor is up to $3000\times$ faster than an optimized TDVP simulation using $χ= 4096$. These results establish contemporary digital quantum processors as a versatile, quantitatively accurate, and competitive platform for the study of fermionic many-body dynamics in regimes where leading classical methods can become prohibitively expensive.",https://arxiv.org/abs/2605.04025v1,quant-ph
2605.04021,Quantum,Quantum work beyond classical (commuting) limits,"Sumit Rout, Aravinth Balaji Ravichandran, Paweł Horodecki, Anubhav Chaturvedi",2026-05-05T17:47:17Z,"Free energy fixes the maximum work of a thermodynamic process once the state and Hamiltonian are specified. A work-extraction task asks a different question: how much average work can a single device realize across several preparations and Hamiltonian settings? A classical work device is one whose Hamiltonian settings are mutually commuting. We place every branch at its best free-energy-limited work envelope and derive the corresponding classical limit on the task average. For pure preparations, the source is specified only by pairwise maximal-energy constraints: for each pair, the intrinsic maximal average energy under one common normalized Hamiltonian is bounded as part of the task data, while the work device is otherwise microscopically unrestricted. The benchmark is optimized over arbitrary-dimensional classical implementations. Incompatible Hamiltonian settings exceed this limit, even though every branch remains bounded by its own free-energy maximum. The advantage therefore does not arise in any single process, but in the average work of the task: incompatible Hamiltonians realize a value that no classical work device can attain. Hamiltonian incompatibility is thus a thermodynamic resource for work extraction.",https://arxiv.org/abs/2605.04021v1,quant-ph
2605.04016,Quantum,Entangling gates for the SU(N) anyons,"Sergey Mironov, Andrey Morozov",2026-05-05T17:41:52Z,"The model of a topological quantum computer is a promising one due to its natural resistance to noise and other errors. Operations in such a computer are implemented by braiding the trajectories of anyons. While it is easy to understand how to build one-qubit operations, two-qubit operations are more difficult. In arXiv:2412.20931 we suggested an approach to build such operations for a topological quantum computer based on SU(2) Chern-Simons theory with arbitrary level using cabling of knots. In this paper we discuss how this approach should be generalized to the SU(N) case, what the differences are, and which new problems arise.",https://arxiv.org/abs/2605.04016v1,"hep-th, quant-ph"
2605.04011,Quantum,Nonlinear Compton scattering in a frequency-modulated field,"Antonino Di Piazza, Kenan Qu",2026-05-05T17:35:54Z,"When an electron is accelerated, it emits radiation. In the relativistic quantum realm the elementary radiation process is the emission of a single photon, a process known as nonlinear Compton scattering in the case of an electron moving in the presence of a strong electromagnetic wave. This process is typically described within the Furry picture, where the electromagnetic wave is described as a classical background field and the electron-positron field is quantized in the presence of that background field. Equivalently one can quantize the electron-positron field in the vacuum but then the photon emission process is described as a transition from an initial state to a final state both featuring, apart from the electron (the initial state) and the electron and the photon (the final state), the same coherent state of photons appropriately related to the electromagnetic wave. Here, we consider a more general situation where the initial and the final state feature the same squeezed coherent state. Then, we specialize to the case where the coherent state corresponds to a plane-wave field and the mostly populated modes of the coherent state are also squeezed. We show that, when quantum fluctuations induced by the squeezing in the coherent field are negligible, a condition well satisfied at available squeezing levels, the squeezing effects effectively reduce to a frequency modulation of the plane-wave field corresponding to the coherent state. By means of numerical examples we show that at already available squeezing levels the emission spectrum of nonlinear Compton scattering and the total photon yield can be altered significantly. Analytical explanations of the main numerical results are also provided.",https://arxiv.org/abs/2605.04011v1,"quant-ph, hep-ph"
2605.03995,Quantum,Quantum Dispersive Waves and Multimode Squeezing in Pure-Kerr Parametrically Driven Cavity Solitons,"Rafael Romero Mendez, Sashank Kaushik Sridhar, Samyak Gothi, Pradyoth Shandilya, Yichen Shen, Curtis Menyuk, Avik Dutt",2026-05-05T17:19:11Z,"Parametrically driven cavity solitons (PDCS), unlike single-pumped cavity solitons, are localized optical pulses arising from parametric processes. These cavity solitons, recently discovered in pure-Kerr media, offer great promise for nonlinear dynamics studies and metrology. Here, we present the first multimode quantum description of pure-Kerr PDCS. In the below threshold regime, we verify single- and two-mode squeezing, while above threshold we uncover novel ""quantum"" dispersive waves - the quantum analog of soliton Cherenkov radiation. Besides revealing these unexplored quantum properties, we show that PDCS generates up to 20 dB of squeezing, only limited by overcoupling and intrinsic losses for experimentally routine parameters. We therefore provide a pathway to observe strong multimode quantum noise reduction in these systems.",https://arxiv.org/abs/2605.03995v1,"quant-ph, physics.optics"
2605.03981,Quantum,Selecting optimal unrestricted Hartree-Fock trial wavefunctions for phaseless auxiliary-field quantum Monte Carlo: Accuracy and limitations in modeling three iron-sulfur clusters,"Don Danilov, Brad Ganoe, Leon Otis, Zhi Gong, Zixiang Lu, James Shee",2026-05-05T17:05:05Z,"Phaseless auxiliary-field quantum Monte Carlo (ph-AFQMC) has emerged as a promising electronic structure method for correlated electronic systems. However, the quality of its predictions depends critically on the choice of trial wavefunction, and it is not obvious how to make an optimal choice especially for strongly correlated states of large systems. Mean-field wavefunctions are compelling trial wavefunction candidates as they map directly to chemical concepts and can be obtained with $O(N^4)$ cost. Yet in the strongly correlated regime one faces a symmetry dilemma and the existence of multiple nearly-degenerate solutions. In this work we investigate active space models of [2Fe-2S]$^{2+}$, mixed-valent [4Fe-4S]$^{2+}$, and [4Fe-4S]$^{4+}$ and explore the sensitivity of ph-AFQMC to the choice of unrestricted Hartree-Fock trial wavefunction. We find that chemical properties and physical symmetries, rather than the variational energy, ought to guide the choice of mean-field trial for ph-AFQMC (or reference state for coupled cluster models), and show that surprisingly accurate ground-state energies for these systems can be obtained. However, in all cases we find a rapidly vanishing overlap between the stochastic wavefunction and the UHF trial, indicating that the trials are suboptimal importance functions. By analogy to a similar situation in the stretched helium dimer cation, we show how this sampling bias pushes ph-AFQMC towards artificially negative energies, which evidently can be compensated for by the phaseless bias in certain cases.",https://arxiv.org/abs/2605.03981v1,"physics.chem-ph, cond-mat.str-el, quant-ph"
2605.03978,Quantum,Phase-Reference Control of Steady-State Entanglement in Open Quantum Systems,"Areeda Ayoub, Alfonso Castillo-Gonzalez, Eric R Bittner",2026-05-05T17:02:35Z,"We show that steady-state entanglement in open quantum systems is controlled by the phase reference of a phase-sensitive reservoir. Using a covariance-matrix approach for Gaussian-preserving dynamics, we demonstrate that purely local, phase-sensitive dissipation can generate entanglement when combined with coherent coupling. The steady state exhibits a finite entangled region with an optimal squeezing strength that maximizes both the magnitude and thermal robustness of entanglement. We find that coherent coupling does not enhance entanglement monotonically, but instead regulates the conversion of local squeezing into nonlocal correlations. Importantly, the coupling dependence is controlled by the phase reference of the squeezed reservoir: phase-locked (rotating-frame) and laboratory-frame implementations yield qualitatively distinct steady states and entanglement structure. These results establish phase-sensitive reservoir engineering as a controllable route to steady-state entanglement in continuous-variable systems. Steady-state entanglement in phase-sensitive open systems depends explicitly on the reservoir phase reference and is not invariant under changes of that reference.}",https://arxiv.org/abs/2605.03978v1,"quant-ph, physics.chem-ph, physics.optics"
2605.03975,Quantum,Quantum metrology of mixed states via purification,Sisi Zhou,2026-05-05T16:59:07Z,"We introduce new formulations of the quantum Cramér-Rao bound (QCRB) and the Holevo Cramér-Rao bound (HCRB) in multi-parameter quantum metrology via purification, where we show their values for any mixed state are connected to that for its purification with nuisance parameters introduced on the environmental system. Using this technique, we develop a new method for asymptotically attaining either the HCRB or twice the QCRB for arbitrary mixed states using random purification channels and individual measurements.",https://arxiv.org/abs/2605.03975v1,"quant-ph, math.ST"
2605.03972,Quantum,Regev's reduction as a candidate quantum algorithm for the discrete logarithm problem in finite abelian groups,"M. Isabel Franco Garrido, André Chailloux",2026-05-05T16:54:14Z,"We revisit the reduction of Cheng and Wan, which transforms instances of the discrete logarithm problem (DLOG) over finite fields into a decoding problem for Reed--Solomon codes, and study how Regev's reduction can be used to solve these instances. Regev's reduction turns a decoder for a code into a quantum solver for a decoding problem on the dual code. The quantum advantage depends on the dual problem being classically hard, which has proven difficult to establish. The Cheng--Wan reduction offers a natural source of such instances: solving them would solve discrete logarithm. Since Shor's algorithm already solves discrete logarithm, the goal is not a new quantum speedup but to understand whether Regev's reduction, applied to a problem we have independent reasons to believe is hard, can solve discrete logarithm, and if not, where it falls short.   We generalize the hardness consequence of the Cheng--Wan reduction for Reed--Solomon bounded distance decoding -- from solving DLOG in $\mathbb{F}_{q^h}^\times$ to solving DLOG in finite abelian groups, and we prove that bounded distance decoding for Reed--Solomon codes is NP-hard even at asymptotically zero rate, though the known NP-hard radius lies well above the Cheng--Wan decoding radius. We then carry out Regev's reduction on the Cheng--Wan instances and evaluate it with known efficient decoders. All fall short of the Cheng--Wan threshold by a constant factor, and under an assumption on the Cheng--Wan instances we identify the QDP parameter a decoder would need to reach in order to solve discrete logarithm. The obstruction is one of efficiency rather than solvability: the Pretty Good Measurement solves the corresponding decoding problem on every instance, including NP-hard instances, but its implementation requires exponential resources in general.",https://arxiv.org/abs/2605.03972v1,quant-ph
2605.03958,Quantum,Fisher-Informational Time: A Causal-Geometric Framework for Emergent Clock Time Physical Distinguishability,J. Sumaya-Martinez,2026-05-05T16:42:30Z,"We develop a Fisher-informational reformulation of physical time in which clock time is not regarded as a fundamental ontological substance, but as an emergent calibration of causally ordered distinguishability among physical states. The operational starting point is that clocks do not measure time itself; rather, they instantiate reproducible physical processes whose distinguishable states are correlated with other events. We introduce a causal-informational parameter, denoted by Lambda_F, defined as an accumulated Fisher-geometric distance along a causally admissible trajectory in state space. In classical statistical systems, this parameter is generated by the Fisher information metric; in quantum systems, the corresponding construction is associated with quantum Fisher information, the Bures metric, and the Fubini-Study geometry of projective Hilbert space. The manuscript distinguishes model-dependent Fisher information from quantum Fisher information, clarifies the reparameterization of Schrodinger dynamics, and gives explicit examples involving a qubit clock, an exponential decay process, and a Fisher characterization of clock quality. The proposal is positioned relative to relational time, the Page-Wootters mechanism, thermal time, quantum speed-limit relations, information geometry, and the problem of time in quantum gravity. We do not claim that relational or emergent time is new. The specific contribution is the use of Fisher distinguishability as an operational precursor from which ordinary clock time can be reconstructed. In this sense, the central statement of the paper is: time is not measured by clocks; clock time is reconstructed from the Fisher distinguishability accumulated along causally ordered physical changes.",https://arxiv.org/abs/2605.03958v1,"quant-ph, physics.optics"
2605.03951,Quantum,Factoring $2048$ bit RSA integers with a half-million-qubit modular atomic processor,"Tian Xue, Jacob P. Covey",2026-05-05T16:37:52Z,"Shor's algorithm is one of the most promising applications of quantum computers. However, since $\sim 10^6$ physical qubits are believed to be required for established approaches, the algorithm will need to be distributed across many modules. In this paper, we provide a distributed compilation of Shor's algorithm on a modular atomic processor. We present an end-to-end compilation and optimization strategy that focuses on the interplay between the inter-module communication and the intra-module clock rate. With a half-million-qubit modular atomic processor with a communication rate of $10^5$ Bell pairs per second and a measurement time of 1 ms in a CPU-inspired architecture, we demonstrate that 2048-bit RSA integers can be factored in only 16\% more time than a single-module architecture. Our work presents the first end-to-end analysis and simulation of large-scale integer factorization on modular atomic hardware and it provides a blueprint for the future design of other large-scale modular algorithms.",https://arxiv.org/abs/2605.03951v1,"quant-ph, physics.atom-ph"
2605.03946,Quantum,An extensive theory of nonlinearly intercoupled pseudomodes for noise model reduction in circuit QED,"M. Gabriela Boada G., Nicolas Dirnegger, Andrea Delgado, Prineha Narang",2026-05-05T16:32:17Z,"Superconducting circuit quantum electrodynamical (cQED) platforms present a persistent modeling challenge: the intrinsic nonlinearity of the Josephson potential couples to a dissipative electromagnetic environment in ways that resist both perturbative treatment and naive Markovian reduction. Standard approaches either scale poorly with system size or absorb undeclared approximations about the noise structure into their master equations. In this work, we generalize Garraway's pseudomode construction to accommodate nonlinearly intercoupled auxiliary modes, providing a nonperturbative and systematically reducible framework for open-system cQED dynamics. The key observation is that pseudomode elimination is not fundamentally tied to linearity but to representability: any eliminated sector whose influence on the retained subsystem admits a rational self-energy can be replaced by a finite set of damped auxiliary modes, independent of the internal nonlinear structure of the retained Hamiltonian. We develop the general theory in the Heisenberg picture via a Dyson equation for the retained-mode Green's function, then demonstrate closed-form elimination for two-, three-, and four-mode Kerr-coupled systems with bilinear exchange and three-wave mixing interactions. The resulting framework substantially reduces the computational overhead of open-system cQED modeling while remaining faithful to the underlying physics, provided the spectral description of the eliminated sector is chosen to match the experimentally measured response functions of the hardware.",https://arxiv.org/abs/2605.03946v1,quant-ph
2605.03932,Quantum,Magic-Informed Quantum Architecture Search,"Vincenzo Lipardi, Domenica Dibenedetto, Georgios Stamoulis, Mark H. M. Winands",2026-05-05T16:20:46Z,"Nonstabilizerness, commonly referred to as magic, is a fundamental resource underpinning quantum advantage. In this paper, we propose a magic-informed quantum architecture search (QAS) technique that enables control over a quantum resource within the general framework of circuit design. Inspired by the AlphaGo approach, we tackle the problem with a Monte Carlo Tree Search technique equipped with a Graph Neural Network (GNN) that estimates the magic of candidate quantum circuits. The GNN model induces a magic-based bias that steers the search toward either high- or low-magic regimes, depending on the target objective. We benchmark the proposed magic-informed QAS technique on both the structured ground-state energy problem and on the more general quantum state approximation problem, spanning different sizes and target magic levels. Experimental results show that the proposed technique effectively influences the magic across the search tree and notably also on the resulting final circuit, even in regimes where the GNN operates on out-of-distribution instances. Although introducing a problem-agnostic magic bias could, in principle, constrain the search dynamics, we observe consistent improvements in solution quality across all problems tested.",https://arxiv.org/abs/2605.03932v1,"quant-ph, cs.AI"
2605.03930,Quantum,Time-dependent variational Monte Carlo without bias,"Wladislaw Krinitsin, Markus Schmitt",2026-05-05T16:20:02Z,"When combined with highly expressive ansatz functions such as neural quantum states, variational Monte Carlo (VMC) constitutes a versatile numerical approach to tackle the quantum many-body problem in and out of equilibrium. However, its traditional formulation exhibits a subtle estimation bias leading to inaccuracies, which can be particularly detrimental when addressing real time dynamics. In this work, we investigate two avenues to circumvent said estimation bias. First, we propose an unbiased variant of time-dependent VMC using self-normalized importance sampling with respect to a cutoff-based deformation of the Born distribution. We demonstrate the feasibility and accuracy of the approach in pathological and generic cases of quench dynamics. Furthermore, we explore an alternative sampling strategy based on active learning via the tensor cross interpolation (TCI). While we find that our choice of tensor network architecture lacks the required low rank property, the proposed TCI-based algorithm complements the conventional importance sampling paradigm, providing an alternative perspective that may be further explored in future work.",https://arxiv.org/abs/2605.03930v1,quant-ph
2605.03910,Quantum,Inverse-designed release-free optomechanical crystal with high photon-phonon coupling,"David Hambraeus, Paul Burger, Johan Kolvik, Philippe Tassin, Raphaël Van Laer",2026-05-05T16:07:30Z,"Interactions between light and mechanics provide a powerful interface between optical and microwave-frequency signals, with applications spanning classical signal processing and quantum technologies. High-performance optomechanical devices require both strong photon-phonon coupling and tolerance to parasitic laser heating. Release-free optomechanical crystals provide improved thermal anchoring compared to suspended nanobeams, but have so far exhibited weaker vacuum optomechanical coupling rates, leaving a trade-off between coupling strength and thermal robustness. Here, we largely close this gap: we design and experimentally demonstrate a release-free silicon optomechanical crystal with a record vacuum optomechanical coupling rate of about $g_\text{OM} / (2 π) = 800$ kHz, comparable to suspended state-of-the-art devices. The resulting optomechanical scattering rate $Γ_\text{OM}/(2 π)= 1.1$ kHz is nearly twice that of previous release-free implementations. This performance is achieved by combining physics-guided human intuition with a multiphysics inverse-design algorithm introduced here for resonant optomechanical structures. Beyond the specific device demonstrated, the inverse-design framework is applicable to co-optimizing optical and mechanical resonances and eigenmodes more broadly. These results strengthen release-free optomechanical crystals as a platform for fast, low-noise classical and quantum optomechanics.",https://arxiv.org/abs/2605.03910v1,"physics.optics, quant-ph"
2605.03906,Quantum,Variational Joint Magnetometry and Gradiometry on Dipolar Spin Chains,"Priyam Srivastava, Xin Jin, Junyu Liu, Gurudev Dutt, Tom Purdy, Kang Kim, Kaushik P. Seshadreesan",2026-05-05T15:59:22Z,"Estimating a uniform magnetic field B0 and its spatial gradient g on a dipolar-coupled spin chain calls for a multiparameter figure of merit. The GHZ state, optimal for single-parameter Heisenberg-limited sensing, has a rank-one quantum Fisher information matrix with det(Q^GHZ) = 0 at every chain length N, ruling it out for the two-parameter problem. We present a variational framework that takes det(F) as the objective and a hardware-motivated layered dipolar circuit as the ansatz. Both encoding generators are diagonal in the computational basis, which reduces the search for the quantum Fisher information benchmark to a probability-simplex optimization and yields a tractable best-found benchmark det(Q*) against which variational performance is compared. The same diagonal structure makes the classical Fisher information depend only on basis-state probabilities under any single-qubit decoder, so encoder and decoder parameters are co-trained with CMA-ES in a single run. Decoder optimization past fixed Ramsey adds at most a few percentage points across the grid, in contrast to the persistent decoder gains seen in our prior single-parameter work. Variational probes at L = 3 reach 0.92 of the best-found benchmark at N = 5, a 4.2x SQL advantage in det(F), and concentrate on a four-string motif of the two GHZ extrema and two half-chain-flip strings whose structure follows from the Dicke-sector decomposition of the two generators.",https://arxiv.org/abs/2605.03906v1,quant-ph
2605.03901,Quantum,Graph Neural Networks in the Wilson Loop Representation of Abelian Lattice Gauge Theories,"Ali Rayat, Gia-Wei Chern",2026-05-05T15:55:21Z,"Local gauge structures play a central role in a wide range of condensed matter systems and synthetic quantum platforms, where they emerge as effective descriptions of strongly correlated phases and engineered dynamics. We introduce a gauge-invariant graph neural network (GNN) architecture for Abelian lattice gauge models, in which symmetry is enforced explicitly through local gauge-invariant inputs, such as Wilson loops, and preserved throughout message passing, eliminating redundant gauge degrees of freedom while retaining expressive power. We benchmark the approach on both $\mathbb{Z}_2$ and $\mathrm{U}(1)$ lattice gauge models, achieving accurate predictions of global observables and spatially resolved quantities despite the nonlocal correlations induced by gauge-matter coupling. We further demonstrate that the learned model serves as an efficient surrogate for semiclassical dynamics in $\mathrm{U}(1)$ quantum link models, enabling stable and scalable time evolution without repeated fermionic diagonalization, while faithfully reproducing both local dynamics and statistical correlations. These results establish gauge-invariant message passing as a compact and physically grounded framework for learning and simulating Abelian lattice gauge systems.",https://arxiv.org/abs/2605.03901v1,"cond-mat.str-el, cs.LG, hep-lat, quant-ph"
2605.03891,Quantum,Parameterized Families of Toric Code Phase: $em$-duality family and higher-order anyon pumping,"Shuhei Ohyama, Takamasa Ando, Ryan Thorngren",2026-05-05T15:48:37Z,"Within the toric-code phase, we study parameterized families of topologically ordered states. We construct $1$- and $2$-parameter families of local Hamiltonians and confirm their non-triviality via topological pumping. For the $1$-parameter family, we show that the $em$-exchange defect is pumped into the bond Hilbert space of a tensor-network representation. For the $2$-parameter case, we construct a ``pump of a pump'' that transports an $S^1$-family of a system in one lower spatial dimension. Using similar methods, we also present a $1$-parameter family with a higher-order anyon pump that produces corner-localized anyon modes. These constructions provide explicit lattice realizations and concrete diagnostics of family-level topology. We use recently developed boundary algebra methods to study the non-triviality of these families.",https://arxiv.org/abs/2605.03891v1,"cond-mat.str-el, hep-th, math-ph, quant-ph"
2605.03864,Quantum,The power of entanglement in distributed quantum machine learning,"Yerim Kim, Kiwmann Hwang, Hyukjoon Kwon, Yosep Kim",2026-05-05T15:26:11Z,"The quantum internet aims to interconnect distant devices and enable large-scale computation through distributed quantum algorithms. One of the key obstacles is communication latency during computation. Even separations of a few hundred kilometers introduce millisecond-scale delays, which exceed the coherence times of many solid-state qubit platforms. In contrast, entanglement can be established beforehand and used as a practical resource to reduce communication complexity between remote nodes. Here we examine the utility of entanglement in distributed quantum machine learning for binary classification tasks. Drawing an analogy with the CHSH game, we show that entanglement improves classification accuracy across all datasets considered. We also find that excessive entanglement may degrade performance by reducing the effective dimension of the parameter space. This highlights the importance of using an appropriate amount and structure of entanglement in data embedding. Our findings bridge nonlocality and machine-learning advantage, providing a pathway toward distributed quantum computation beyond coherence-time constraints.",https://arxiv.org/abs/2605.03864v1,quant-ph
2605.03854,Quantum,Space-Time Tradeoffs of Pauli-Based Computation in Distributed qLDPC Architectures,"Naphan Benchasattabuse, Michal Hajdušek, Rodney Van Meter",2026-05-05T15:19:56Z,"Pauli-based computation (PBC) provides a universal framework for executing fault-tolerant quantum algorithms using Pauli measurements and magic states. In monolithic architectures, the serialized nature of PBC directly ties runtime to a circuit's T-gate count, making it slow on metrics like circuit depth. However, in distributed quantum computing (DQC), the primary bottleneck is remote Bell pair generation. We investigate the tradeoff between error-correcting code block size and execution time of PBC within the Q-Fly architecture at intermediate scale, limiting individual node capacities to reflect near-term constraints while supplying abundant network nodes to minimize routing and compilation effects. We find that large qLDPC code blocks outperform the surface code baseline in terms of execution time by up to an order of magnitude when evaluated against quantum optimization algorithms. By moving groups of qubits to free nodes to bypass the sequential bottleneck of PBC, the large-block architecture minimizes network operations and achieves faster overall execution. This demonstrates that PBC is a competitive model in the distributed regime, establishing it as a practical compilation baseline for qLDPC systems before invoking more efficient transversal or homological gates.",https://arxiv.org/abs/2605.03854v1,quant-ph
2605.03836,Quantum,Path integral quantization of the electromagnetic field in nonlinear dielectric materials,"Arman Kashef, Oscar Perearnau Herrero, Alexander Szameit, Marco Ornigotti, Stefan Scheel",2026-05-05T15:03:07Z,"We construct a quantum theory of light in nonlinear dielectric media with dispersion and absorption. We employ a mesoscopic model for the light-matter interaction that include a fourth-order nonlinearity in the material response. Quantization is performed by constructing an effective action in a path-integral formalism by integrating out matter and bath degrees of freedom. We show how a nonlinear response function associated with Kerr nonlinearity is obtained through the model and, after full field quantization, we derive the Feynman rules from this theory.",https://arxiv.org/abs/2605.03836v1,"quant-ph, physics.optics"
2605.03831,Quantum,"Reply to Comment on ""Controlling the Dynamical Evolution of Quantum Coherence and Quantum Correlations in $e^{+}e^{-} \to Λ\barΛ$ Processes at BESIII""","Elhabib Jaloum, Mohamed Amazioug",2026-05-05T15:01:23Z,"We thank the Commentator for his detailed critique, which provides an opportunity to clarify the physical foundations of our work. While we appreciate the emphasis on rigor when applying quantum information concepts to high-energy physics (HEP), we respectfully disagree with the assertion that our assumptions lack a physical or operational basis. In the following sections, we address each point raised, demonstrating that our modeling is grounded in the established physics of QCD fragmentation and production dynamics in $e^+e^-\to Λ\barΛ$, as supported by recent experimental and theoretical advancements. Our approach treats the system as an effective open bipartite system during the intrinsic production stage, rather than during post-production propagation, which aligns with the analyses cited in our references.",https://arxiv.org/abs/2605.03831v1,"quant-ph, hep-ph"
2605.03829,Quantum,A Berry-Esseen Bound for Quantum Lattice Systems,"Marcus Cramer, Fernando G. S. L. Brandão, Mădălin Guţă, Álvaro M. Alhambra, Matteo Scandi",2026-05-05T14:58:16Z,"It is expected that the statistical fluctuations of local observables in large quantum systems obey the central limit theorem, and approximate a normal distribution as their size grows. Here, we prove a version of the Berry-Esseen theorem for quantum lattice systems, which strengthens that central limit theorem by providing a rigorous convergence estimate towards the normal distribution for large but finite system size. Given a local quantum Hamiltonian on $N$ particles and a quantum state with a finite correlation length, the result states that the measurement of local observables such as the energy follows a normal distribution, up to an error scaling as $\mathcal{O}\left(N^{-\frac{1}{2}} \text{polylog}(N)\right)$, which is optimal up to logarithmic factors.",https://arxiv.org/abs/2605.03829v1,"quant-ph, cond-mat.stat-mech"
2605.03826,Quantum,Coherent transport in non-Abelian quantum graphs,"A. V. Poshakinskiy, L. E. Golub",2026-05-05T14:54:24Z,"We study quantum charge transport in two-dimensional networks in the presence of a magnetic field and spin-orbit interaction. The interplay of the corresponding Abelian and non-Abelian gauge fields leads to an intricate behavior of the conductance, which has different periodicities in the diffusive and ballistic regimes. We classify all configurations of magnetic and spin-orbit fields where a logarithmically divergent weak-(anti)localization correction appears in the diffusive regime. The conductivity of topologically distinct configurations is the same in the diffusive regime but different in the ballistic regime. The proposed setup provides a feasible realization of quantum graphs with non-Abelian gauge fields.",https://arxiv.org/abs/2605.03826v1,"cond-mat.mes-hall, cond-mat.dis-nn, quant-ph"
2605.03807,Quantum,The Geometric Part of Decoherence: Quasi-Orthogonality in High-Dimensional Hilbert Spaces,Karl Svozil,2026-05-05T14:31:58Z,"We isolate a geometric mechanism that complements the dynamical suppression of macroscopic interference: In a high-dimensional Hilbert space, almost all state vectors are nearly orthogonal, accommodating an exponentially large reservoir of mutually quasi-orthogonal environmental records. This geometry explains why macroscopic alternatives fail to exhibit visible interference once such records are populated. The argument is conditional and finite-dimensional, and it leaves the interpretive core of quantum mechanics untouched: geometry alone does not select a pointer basis, does not guarantee that a given Hamiltonian drives the system into typical regions of the accessible subspace, and does not turn an improper mixture into a proper one. It merely supplies the vast Hilbert-space capacity that makes decoherence so overwhelmingly effective for all practical purposes.",https://arxiv.org/abs/2605.03807v1,quant-ph
2605.03794,Quantum,Caustics and catastrophes in strong-field physics -- Picard--Lefschetz theory as a universal approach to saddle-point methods in attosecond science,Anne Weber,2026-05-05T14:21:49Z,"Ultrashort laser pulses on the attosecond timescale are typically achieved via high-order harmonic generation (HHG), a nonlinear process in which atoms interact with intense light fields to emit a broad spectrum of harmonics. HHG is commonly described in terms of a `quantum orbits' model based on several interfering electron trajectories, thereby incorporating both quantum-mechanical effects and an intuitive picture of classical dynamics. By tuning the parameters of the driving laser field, the interplay between these trajectories can be controlled, shaping the emitted light. Mathematically, this model expresses the harmonic response as a highly oscillatory integral. Applying saddle-point methods to this integral allows it to be decomposed into contributions from distinct saddle points of the semi-classical action, thereby linking quantum dynamics to classical trajectories. However, a general framework for applying these methods across arbitrary parameters and laser configurations has been missing.   In this thesis, we introduce Picard--Lefschetz theory and develop practical numerical methods for its application. These enable the evaluation of oscillatory integrals and identification of contributions from individual critical points.   We apply these techniques to strong-field ionisation and HHG, focusing on caustics -- enhancement features where trajectories coalesce and standard approximations fail. Our methods remain valid in these regions, allowing systematic analysis of parameter regimes and revealing previously inaccessible features. This work improves the understanding and control of ultrafast light--matter interactions.",https://arxiv.org/abs/2605.03794v1,quant-ph
